App ID,RUM - Name,App Name
IOS266-01,Plant Identifier,Plant Identifier - PlantMe
IOS296-01,Moggr,Moggr - Haircut & Looksmax
IOS299-01,Dialog,Dialog - Translate Speech
IOS201-01,Smart Switch my Phone,Smart Switch my Phone
IOS260-01,Song Finder Music Identifier,Song Finder Music Identifier
IOS264-01,Authy,Authy: MFA & 2FA Authenticator
IOS283-01,DietAI,DietAI: Calorie Counter
IOS290-01,Boost Cleaner,Boost Cleaner - Clean Up Smart
IOS291-01,Lockdown Privacy,Lockdown Privacy: AdBlock VPN
IOS297-01,Volmix,Volmix: Voice Tune Editor
IOS170-01,Steve,Steve | Widget Dinosaur Game
GPS282-01,Be Closer,Be Closer: Family location
IOS192-01,Faceover,Faceover: Photo Face Swap
IOS202-01,Universal Truck Simulator,Universal Truck Simulator
IOS220-01,The Authenticator App,The Authenticator App
IOS267-01,Noteflow,"Noteflow: AI Notes,Transcribe"
IOS270-01,Pregnancy Diet,Pregnancy Diet: Food & Recipes
IOS282-01,Spoten Phone Location Tracker,Spoten Phone Location Tracker
IOS174-01,Air Printer,Air Printer: HD Smart Scanner
IOS227-01,Wallpapers for Dynamic Island,Wallpapers for Dynamic Island
IOS259-01,GoatChat,GoatChat - AI Chatbot
IOS268-01,PDF Scanner,PDF Scanner
IOS269-01,Feelsy,Feelsy: Stress Relief Â· Relax
GPS274-01,PDF Scanner App,PDF Scanner App
GPS279-01,Auto Clicker,Auto Clicker - Auto Tapper
IOS229-01,Lens,Lens: Image Search & Translate
IOS298-01,Translate AI Pocket Translator,Translate AI Pocket Translator
IOS209-01,Poker Live,Poker Live: Texas Holdem Game
IOS210-01,Reelsy Reel Maker IG Templates,Reelsy Reel Maker IG Templates
GPS209-01,Poker Live,Poker Live: Texas Holdem Game
IOS262-01,Boost App Social,Boost App Social
GPS239-01,Antivirus,"Antivirus: Virus Cleaner, Junk"
GPS226-01,MeowTalk Cat Translator,MeowTalk Cat Translator
IOS289-01,aesthetic kit,"aesthetic kit: widgets, themes"
IOS205-01,Camera+,Camera+: Pro Camera & Editor
IOS232-01,AI Video Photo Generator,AI Video Photo Generator
IOS238-01,AI Keyboard Assistant,AI Keyboard Assistant - Keybot
IOS256-01,Spelling,Spelling: Spelling Games
IOS265-01,must.fm for Spotify Stats,must.fm for Spotify Stats
GPS222-01,Contacts,Contacts
IOS271-01,AI Boostï¼ AI Image Editor,AI Boostï¼ AI Image Editor
IOS295-01,Menu Maker,Menu Maker: Design Creator
GPS277-01,Period Tracker Ovulation Cycle,Period Tracker Ovulation Cycle
GPS273-01,Translate All Languages App,Translate All Languages App
IOS288-01,Good Fonts,Good Fonts: Text Font Keyboard